id,author,title,doi,country,indicator,tools,nature_type,exposure_type,study_design,season,n_participants,gender_group,age_group
171,Rajoo 2021,Addressing psychosocial issues caused by the COVID-19 lockdown: Can urban greeneries help?,10.1016/j.ufug.2021.127340,Malaysia,Anxiety; Depression; Stress,DASS-21,Greenspace,Stay static in nature; Physical activity in nature,Uncontrolled before-after study,Spring,30,Male > 60%,Adults
472,Raman 2021,The Effects of Different Natural Environment Influences on Health and Psychological Well-Being of People: A Case Study in Selangor,10.3390/su13158597,Malaysia,Affect; Anxiety; Depression; Mood; Restorative effects; Stress,DASS-21; PANAS; POMS; ROS,Greenspace - Forest; Greenspace - Park; Greenspace - Green alley/Roadside green,Physical activity in nature,RCT - parallel,Winter,80,Female > 60%,Adults
493,Song 2022,The Effects of Exercise and Social Interaction in Different Natural Environments on the Mental Health of Urban Residents,10.3390/su142114095,China,Affect; Depression; Stress,DASS-21,Greenspace - Forest; Greenspace - Park,Physical activity in nature,Uncontrolled before-after study,NA,33,Gender Balance,Young adults
734,Vujcic 2018,"Urban forest benefits to the younger population: The case study of the city of Belgrade, Serbia",10.1016/j.forpol.2018.08.006,Serbia,Anxiety; Depression; Stress,DASS-21,Greenspace - Forest,Stay static in nature,RCT - parallel,Spring; Summer,47,Female > 60%,Young adults
2763,Yeung 2022,Cognitive-Emotional Benefits of Weekly Exposure to Nature: A Taiwanese Study on Young Adults,10.3390/su14137828,China,Anxiety; Cognitive functioning; Depression; Stress; rumination,DASS-21; PSS,Greenspace,Physical activity in nature,RCT - parallel,Winter,48,Gender Balance,Adults
2867,Brooks 2017,Nature-related mood effects: Season and type of nature contact,10.1016/j.jenvp.2017.10.004,Canada,Affect; Anxiety; Depression; Mood; Stress; eudaimonia,DASS-21; PANAS,Greenspace - Park,Physical activity in nature,RCT - parallel,Fall; Winter,121,Female > 60%,Young adults
151,Mokhtar 2018,Physiological and Psychological Health Benefits of Urban Green Space in Kuala Lumpur: A comparison between Taman Botani Perdana and Jalan Bukit Bintang,NA,Malaysia,Affect; Mood; Restorative effects,PANAS; POMS; ROS,Greenspace - Park,Physical activity in nature,Uncontrolled before-after study,NA,20,Male > 60%,Young adults
616,Reeves 2019,The Application of Wearable Technology to Quantify Health and Wellbeing Co-benefits From Urban Wetlands,10.3389/fpsyg.2019.01840,UK,Anxiety; Depression; Mood; Stress,PANAS,Bluespace - Wetland,Stay static in nature,Uncontrolled before-after study,Summer,34,Female > 60%,Adults
1940,Maund 2019,Wetlands for Wellbeing: Piloting a Nature-Based Health Intervention for the Management of Anxiety and Depression,10.3390/ijerph16224413,UK,Mental wellbeing in general*; Affect; Anxiety; Stress,PANAS; PSS,Bluespace - Wetland,Physical activity in nature,Uncontrolled before-after study,Spring; Summer,16,Gender Balance,Adults
1951,Tyrvainen 2014,The influence of urban green environments on stress relief measures: A field experiment,10.1016/j.jenvp.2013.12.005,Finland,"Mood; Restorative effects; Vitality, Creativity",PANAS; ROS; SVS,Greenspace - Forest; Greenspace - Park,Stay static in nature; Physical activity in nature,RCT - parallel,Spring; Summer; Fall,77,Female > 60%,Adults
2037,Li 2021,"The Effects of Green and Urban Walking in Different Time Frames on Physio-Psychological Responses of Middle-Aged and Older People in Chengdu, China",10.3390/ijerph18010090,China,Emotional wellbeing; Mood; Restorative effects,PANAS; POMS; ROS,Greenspace,Physical activity in nature,RCT - parallel,Fall,48,Female > 60%,Adults
2186,Duan 2022,Effects of Plant Communities on Human Physiological Recovery and Emotional Reactions: A Comparative Onsite Survey and Photo Elicitation Study,10.3390/ijerph19020721,China,Affect; Stress,PANAS,Greenspace - Forest; Greenspace - Shrub/scrub; Greenspace - Grassland; Greenspace,Stay static in nature,Uncontrolled before-after study,Fall,320,Gender Balance,Young adults
2315,Joung 2022,Quality of Life and Mental Health Benefits of Public Participation in Forest Conservation Activities in Urban Areas,10.3390/ijerph19159768,South Korea,Affect; Emotional wellbeing; Quality of life; Restorative effects; Self-esteem,PANAS,Greenspace - Forest,Physical activity in nature,Uncontrolled before-after study,Fall,61,Gender Balance,Young adults
2998,Saadi 2020,"There's no place like home? The psychological, physiological, and cognitive effects of short visits to outdoor urban environments compared to staying in the indoor home environment, a field experiment on women from two ethnic groups",10.1016/j.envres.2020.109687,Israel,Mood; Working  memory,PANAS,Greenspace - Park,Stay static in nature,RCT - parallel,Summer; Fall; Winter,72,Female > 60%,Adults
3057,Janeczko 2020,When Urban Environment Is Restorative: The Effect of Walking in Suburbs and Forests on Psychological and Physiological Relaxation of Young Polish Adults,10.3390/f11050591,Poland,"Affect; Depression; Mood; Restorative effects; Vitality, Tension, Anger, Fatigue, Confusion, Vigor",PANAS; POMS; ROS; SVS,Greenspace - Forest; Greenspace - Green alley/Roadside green,Physical activity in nature,RCT - parallel,Fall,75,Gender Balance,Young adults
3115,Bratman 2015,The benefits of nature experience: Improved affect and cognition,10.1016/j.landurbplan.2015.02.005,United States,Affect; Cognitive functioning,PANAS; STAI,Greenspace - Park,Physical activity in nature,RCT - parallel,NA,60,Gender Balance,Young adults
3154,Legrand 2022,Effects of Outdoor Walking on Positive and Negative Affect: Nature Contact Makes a Big Difference,10.3389/fnbeh.2022.901491,France,Affect,PANAS,Greenspace,Physical activity in nature,RCT - parallel,NA,150,Male > 60%,Young adults
3220,Korcz 2021,Influence of Informal Education in the Forest Stand Redevelopment Area on the Psychological Restoration of Working Adults,10.3390/f12080993,Poland,"Affect; Mood; Restorative effects; vitality, confusion, fatigue, anger, anxiety, vigor",PANAS; POMS; ROS; SVS,Greenspace - Forest,Physical activity in nature,Non-randomised experimental study,Fall,60,Gender Balance,Young adults
3476,Takayama 2014,"Emotional, Restorative and Vitalizing Effects of Forest and Urban Environments at Four Sites in Japan",10.3390/ijerph110707207,Japan,Affect; Mood; Restorative effects; Subjective Vitality,PANAS; POMS; ROS; SVS,Greenspace - Forest,Stay static in nature; Physical activity in nature,RCT - parallel,Summer; Fall,45,Male > 60%,Young adults
3485,Zhang 2022,Psychophysiological Effects of a Natural Forest Environment on Chinese University Students Aged 19-25 Years,10.1080/10549811.2022.2123825,China,Affect,PANAS,Greenspace - Forest,Physical activity in nature,Uncontrolled before-after study,Summer,60,Gender Balance,Young adults
3877,Lopes 2020,Nature can get it out of your mind: The rumination reducing effects of contact with nature and the mediating role of awe and mood,10.1016/j.jenvp.2020.101489,Portugal,Affect; Mood; rumination,PANAS,Greenspace - Garden,Physical activity in nature,RCT - parallel,NA,54,Female > 60%,Young adults
5868,Muro 2022,Psychological benefits of Forest Bathing during the COVID-19 pandemic: a pilot study in a Mediterranean forest close to urban areas,10.1080/13416979.2021.1996516,Spain,Affect; Anxiety; Mood; State Mindfulness,PANAS; POMS; STAI,Greenspace - Forest,Physical activity in nature,Uncontrolled before-after study,Fall,16,Female > 60%,Adults
6274,Bielinis 2018,The effect of winter forest bathing on psychological relaxation of young Polish adults,10.1016/j.ufug.2017.12.006,Poland,Affect; Mood; Restorative effects; vitality,PANAS; POMS; ROS; SVS,Greenspace - Forest,Stay static in nature,RCT - parallel,Spring,62,Gender Balance,Young adults
6666,Bielinis 2019,The Effects of a Short Forest Recreation Program on Physiological and Psychological Relaxation in Young Polish Adults,10.3390/f10010034,Poland,"Mental distress; Affect; Anxiety; Depression; Mood; Restorative effects; anger/hostility, vigor, fatigue, confusion, vitality",PANAS; POMS; ROS; SVS,Greenspace - Forest,Physical activity in nature,Uncontrolled before-after study,Spring,21,Gender Balance,Young adults
6750,Bielinis 2019,The Effect of Recreation in a Snow-Covered Forest Environment on the Psychological Wellbeing of Young Adults: Randomized Controlled Study,10.3390/f10100827,Poland,Mental distress; Mood; Restorative effects,PANAS; POMS; ROS; SVS,Greenspace - Forest,Stay static in nature,RCT - parallel,Spring,32,Female > 60%,Young adults
7049,Takayama 2019,"Relation between Psychological Restorativeness and Lifestyle, Quality of Life, Resilience, and Stress-Coping in Forest Settings",10.3390/ijerph16081456,Japan,"Mental distress; Affect; Anxiety; Depression; Restorative effects; Subjective Vitality, anger-hostility, vigor, fatigue, confusion",PANAS; POMS; ROS; SVS,Greenspace - Forest,Physical activity in nature,RCT - crossover,Summer; Fall,46,Male > 60%,Young adults
74,Kanelli 2021,Engaging the Senses: The Association of Urban Green Space with General Health and Well-Being in Urban Residents,10.3390/su13137322,Greece,Mood,POMS,Greenspace - Forest,Physical activity in nature,RCT - crossover,Fall,24,Gender Balance,Adults
240,Song 2015,Physiological and Psychological Effects of a Walk in Urban Parks in Fall,10.3390/ijerph121114216,Japan,Anxiety; Depression; Mood,POMS; STAI,Greenspace - Park,Physical activity in nature,RCT - parallel,Fall,23,Male > 60%,Young adults
261,Song 2014,Physiological and psychological responses of young males during spring-time walks in urban parks,10.1186/1880-6805-33-8,Japan,"Anxiety; Depression; Mood; vigor, fatigue, confusion, anger-hostility",POMS; STAI,Greenspace - Park,Physical activity in nature,RCT - parallel,Spring,17,Male > 60%,Young adults
343,Barton 2012,"Exercise-, nature- and socially interactive-based initiatives improve mood and self-esteem in the clinical population",10.1177/1757913910393862,UK,Mood; Self-esteem,POMS,Greenspace,Physical activity in nature,Uncontrolled before-after study,Summer,53,Female > 60%,Adults
393,Tsunetsugu 2013,Physiological and psychological effects of viewing urban forest landscapes assessed by multiple measurements,10.1016/j.landurbplan.2013.01.014,Japan,Mood,POMS,Greenspace - Forest,Stay static in nature,Quasi-experimental study,NA,48,Male > 60%,Young adults
512,Kabisch 2021,Physiological and psychological effects of visits to different urban green and street environments in older people: A field experiment in a dense inner-city area,10.1016/j.landurbplan.2020.103998,Germany,Mood; Restorative effects,POMS; ROS,Greenspace - Park,Stay static in nature; Physical activity in nature,RCT - crossover,Summer,33,Female > 60%,Adults
608,Xiang 2022,"Verification of Psychophysiological Effects of Satoyama Activities on Older Adult Volunteers and Young People in Post-COVID-19 Society: A Case Study of Matsudo City, Japan",10.3390/ijerph191710760,Japan,"Anxiety; Depression; Mood; anger-hostility, vigor-activity",POMS; STAI,Greenspace - Forest,Physical activity in nature,Non-randomised experimental study,Spring,24,Gender Balance,Adults
615,Song 2013,Physiological and psychological effects of walking on young males in urban parks in winter,10.1186/1880-6805-32-18,Japan,"Anxiety; Depression; Mood; anger-hostility, vigor, fatigue, confusion",POMS; STAI,Greenspace - Park,Physical activity in nature,RCT - parallel,Fall,13,Male > 60%,Young adults
794,Wu 2022,An Empirical Study of the Restoration Potential of Urban Deciduous Forest Space to Youth,10.3390/ijerph19063453,China,"Anxiety; Depression; Mood; Restorative effects; Self-esteem; anger-hostility, vitality, fatigue, confusion",POMS; ROS,Greenspace - Forest,Stay static in nature,RCT - parallel,Fall,120,Gender Balance,Young adults
854,Elsadek 2020,Window view and relaxation: Viewing green space from a high-rise estate improves urban dwellers' wellbeing,10.1016/j.ufug.2020.126846,China,Emotional wellbeing; Mood,POMS,Greenspace - Park,Viewing,RCT - parallel,Summer,30,Female > 60%,Adults
909,Pretty 2007,"Green exercise in the UK countryside: Effects on health and psychological well-being, and implications for policy and planning",10.1080/09640560601156466,UK,"Anxiety; Depression; Mood; Anger-hostility, Confusion-bewilderment, Fatigue-inertia, Vigor-activity",POMS,Greenspace; Bluespace,Physical activity in nature,Uncontrolled before-after study,Fall,263,Gender Balance,Adults
1910,Liu 2021,Physiological and Psychological Effects of Nature Experiences in Different Forests on Young People,10.3390/f12101391,China,"Mental wellbeing in general*; Anxiety; Depression; Mood; Restorative effects; vitality, anger–hostility, fatigue, confusion",POMS; ROS; SVS,Greenspace - Forest,Stay static in nature; Physical activity in nature,RCT - parallel,Summer,30,Gender Balance,Young adults
2345,Elsadek 2019,Green facades: Their contribution to stress recovery and well-being in high-density cities,10.1016/j.ufug.2019.126446,China,"Anxiety; Depression; Emotional wellbeing; anger-hostility, fatigue, confusion, vigor, TMD",POMS,Greenspace - Green roof/wall,Stay static in nature,Non-randomised experimental study,Winter,25,Female > 60%,Young adults
2426,Lyu 2019,Bamboo forest therapy contributes to the regulation of psychological responses,10.1080/13416979.2018.1538492,China,"Anxiety; Depression; Mood; Self-esteem; fatigue, hostility, vigor",POMS,Greenspace - Forest; Greenspace - Park,Stay static in nature; Physical activity in nature,RCT - parallel,Fall,120,Gender Balance,Young adults
2489,Olszewska-Guizzo 2022,Therapeutic Garden With Contemplative Features Induces Desirable Changes in Mood and Brain Activity in Depressed Adults,10.3389/fpsyt.2022.757056,Singapore,Mood,POMS,Greenspace - Garden; Greenspace - Green roof/wall,Stay static in nature,RCT - parallel,Spring; Summer; Fall,92,Female > 60%,Adults
2547,Elsadek 2019,The influence of urban roadside trees and their physical environment on stress relief measures: A field experiment in Shanghai,10.1016/j.ufug.2019.05.007,China,Anxiety; Mood; Restorative effects; subjective vitality,POMS; ROS; SVS,Greenspace - Street trees,Physical activity in nature,RCT - parallel,Spring,364,Gender Balance,Young adults
2618,Lee 2011,Effect of forest bathing on physiological and psychological responses in young Japanese male subjects,10.1016/j.puhe.2010.09.005,Japan,Mood; subjective feeling,POMS,Greenspace - Forest,Stay static in nature,RCT - parallel,Fall,12,Male > 60%,Young adults
2621,Oomen-Welke 2022,Spending Time in the Forest or the Field: Investigations on Stress Perception and Psychological Well-Being-A Randomized Cross-Over Trial in Highly Sensitive Persons,10.3390/ijerph192215322,Germany,"Anxiety; Depression; Emotional wellbeing; Fatigue, Vigor, Hostility, TMD",POMS,Greenspace - Forest,Physical activity in nature,RCT - parallel,Summer; Fall,39,Female > 60%,Adults
2745,Ibes 2022,The role of campus greenspace and meditation on college students' mood disturbance,10.1080/07448481.2020.1726926,United States,Mood,POMS,Greenspace,Stay static in nature,RCT - parallel,Spring,234,Gender Balance,Young adults
2783,Vert 2020,Physical and mental health effects of repeated short walks in a blue space environment: A randomised crossover study,10.1016/j.envres.2020.109812,Spain,"Mental wellbeing in general*; Mental distress; Affect; Anxiety; Depression; Life satisfaction; vitality, Somatisation , Fatigue, Vigour",POMS,Bluespace - Beach/coastline,Physical activity in nature,RCT - crossover,Spring; Fall,59,Female > 60%,Adults
3146,McEwan 2022,'This Is What the Colour Green Smells Like!': Urban Forest Bathing Improved Adolescent Nature Connection and Wellbeing,10.3390/ijerph192315594,UK,Anxiety,POMS,Greenspace - Forest,Stay static in nature,Uncontrolled before-after study,Summer,44,Gender Balance,Adolescents
3469,Stigsdotter 2017,It is not all bad for the grey city - A crossover study on physiological and psychological restoration in a forest and an urban environment,10.1016/j.healthplace.2017.05.007,Denmark,"Anxiety; Depression; Mood; Restorative effects; Stress; Anger-Hostility, Vigor, Fatigue, Confusion",POMS; PSS,Greenspace - Forest,Physical activity in nature,RCT - parallel,Spring; Fall,47,Female > 60%,Adults
3496,Gidlow 2016,Where to put your best foot forward: Psycho-physiological responses to walking in natural and urban environments,10.1016/j.jenvp.2015.11.003,UK,Cognitive functioning; Mood; Restorative effects,POMS; ROS,Greenspace - Park; Bluespace - Open water,Physical activity in nature,RCT - parallel,Summer; Fall,38,Gender Balance,Adults
3655,Ochiai 2015,Physiological and Psychological Effects of a Forest Therapy Program on Middle-Aged Females,10.3390/ijerph121214984,Japan,"Anxiety; Mood; fatigue, vigor",POMS,Greenspace - Forest,Physical activity in nature,Uncontrolled before-after study,Summer,17,Male > 60%,Adults
3707,Shin 2011,The influence of interaction with forest on cognitive function,10.1080/02827581.2011.585996,South Korea,"Mental distress; Anxiety; Cognitive functioning; Depression; Mood; Anger-hostility, Vigor-activity, Fatigue-inertia, Confusion-bewilderment",POMS,Greenspace - Forest,Physical activity in nature,RCT - parallel,NA,60,Gender Balance,Young adults
3863,Yoshida 2015,"Evaluation of effect of tree canopy on thermal environment, thermal sensation, and mental state",10.1016/j.uclim.2015.09.004,Japan,"Anxiety; Depression; anger-hostility, vigor, fatigue, confusion",POMS,Greenspace - Forest,Stay static in nature,Quasi-experimental study,Summer,6,Male > 60%,Young adults
3869,Pratiwi 2019,Physiological and Psychological Effects of Viewing Urban Parks in Different Seasons in Adults,10.3390/ijerph16214279,Japan,"Anxiety; Depression; Mood; Anger-hostility, Confusion-bewilderment, Fatigue-inertia, Vigor-activity",POMS; STAI,Greenspace - Park,Stay static in nature,RCT - crossover,Spring; Summer,24,Gender Balance,Older adults
3878,Pratiwi 2020,"Physiological and Psychological Effects of Walking in Urban Parks and Its Imagery in Different Seasons in Middle-Aged and Older Adults: Evidence from Matsudo City, Japan",10.3390/su12104003,Japan,"Anxiety; Depression; Mood; anger-hostility,  fatigue-inertia,  confusion-bewilderment, vigor-activity",POMS; STAI,Greenspace - Park,Physical activity in nature,RCT - parallel,Spring; Summer; Winter,12,Female > 60%,Older adults
3927,Deng 2020,"Empirical study of landscape types, landscape elements and landscape components of the urban park promoting physiological and psychological restoration",10.1016/j.ufug.2019.126488,China,Mood; Restorative effects,POMS,Greenspace - Forest; Greenspace - Grassland; Bluespace - Open water,Stay static in nature,RCT - parallel,Fall,60,Gender Balance,Young adults
4004,Triguero-Mas 2017,The effect of randomised exposure to different types of natural outdoor environments compared to exposure to an urban environment on people with indications of psychological distress in Catalonia,10.1371/journal.pone.0172200,Spain,Mood,POMS,Greenspace - Park; Bluespace - Beach/coastline,Visit,RCT - crossover,Fall; Winter,26,Gender Balance,NA
5878,Li 2022,"Effects of forest bathing (shinrin-yoku) on serotonin in serum, depressive symptoms and subjective sleep quality in middle-aged males",10.1265/ehpm.22-00136,Japan,"Mood; fatigue, vigor",POMS,Greenspace - Forest,Physical activity in nature,RCT - parallel,Summer,20,Male > 60%,Adults
5959,Yu 2017,Effects of Short Forest Bathing Program on Autonomic Nervous System Activity and Mood States in Middle-Aged and Elderly Individuals,10.3390/ijerph14080897,Taiwan,"Anxiety; Depression; Mood; anger-hostility, fatigue, confusion, vigor",POMS; STAI,Greenspace - Forest,Physical activity in nature,Non-randomised experimental study,Summer,128,Female > 60%,Adults
6523,Park 2011,Relationship between psychological responses and physical environments in forest settings,10.1016/j.landurbplan.2011.03.005,Japan,"Mental distress; Anxiety; Depression; Mood; Anger-hostility, Vigor, Confusion, Fatigue",POMS,Greenspace - Forest,Stay static in nature; Physical activity in nature,RCT - parallel,Spring; Summer; Fall; Winter,168,Male > 60%,Young adults
6599,Ochiai 2015,Physiological and Psychological Effects of Forest Therapy on Middle-Aged Males with High-Normal Blood Pressure,10.3390/ijerph120302532,Japan,"Anxiety; Depression; Mood; confusion, anger-hostility, fatigue, vigor",POMS,Greenspace - Forest,Physical activity in nature,Quasi-experimental study,Fall,8,Male > 60%,Adults
6686,Song 2019,Physiological and Psychological Effects of Viewing Forests on Young Women,10.3390/f10080635,Japan,"Anxiety; Depression; Mood; anger-hostility, fatigue, confusion, vigor",POMS; STAI,Greenspace - Forest,Stay static in nature,RCT - crossover,Summer; Fall,72,Female > 60%,Young adults
7199,Song 2018,Psychological Benefits of Walking through Forest Areas,10.3390/ijerph15122804,Japan,"Anxiety; Depression; Mood; anger-hostility, fatigue, confusion, vigor",POMS; STAI,Greenspace - Forest,Physical activity in nature,RCT - parallel,NA,585,Male > 60%,Young adults
7315,Joung 2015,The Prefrontal Cortex Activity and Psychological Effects of Viewing Forest Landscapes in Autumn Season,10.3390/ijerph120707235,South Korea,"Anxiety; Depression; Mood; Anger, hostility, Vigor, Fatigue, Confusion",POMS,Greenspace - Forest,Stay static in nature,RCT - parallel,NA,8,Gender Balance,Young adults
7390,Song 2019,Effects of Walking in a Forest on Young Women,10.3390/ijerph16020229,Japan,"Anxiety; Depression; Mood; anger-hostility, fatigue, confusion, vigor",POMS; STAI,Greenspace - Forest,Physical activity in nature,RCT - crossover,NA,60,Female > 60%,Young adults
7432,Kobayashi 2021,Comparing the impact of forest walking and forest viewing on psychological states,10.1016/j.ufug.2020.126920,Japan,Mood,POMS,Greenspace - Forest,Stay static in nature; Physical activity in nature,RCT - parallel,NA,57,Female > 60%,Young adults
7446,Lyu 2019,Benefits of A Three-Day Bamboo Forest Therapy Session on the Psychophysiology and Immune System Responses of Male College Students,10.3390/ijerph16244991,China,"Anxiety; Depression; Mood; anger and hostility, fatigue, confusion, vigor, total mood disturbance",POMS,Greenspace - Forest,Physical activity in nature,RCT - parallel,Fall,60,Male > 60%,Young adults
7534,Igarashi 2015,Physiological and Psychological Effects of Viewing a Kiwifruit (Actinidia deliciosa 'Hayward') Orchard Landscape in Summer in Japan,10.3390/ijerph120606657,Japan,Mood; subjective perception,POMS,Greenspace - Farmland,Stay static in nature,RCT - crossover,Summer,17,Female > 60%,Adults
876,Chalmin-Pui 2021,"""It made me feel brighter in myself""- The health and well-being impacts of a residential front garden horticultural intervention",10.1016/j.landurbplan.2020.103958,UK,Stress; subjective well-being,PSS,Greenspace - Garden,Physical activity in nature,Non-randomised experimental study,Spring,42,Female > 60%,NA
2332,Payne 2020,The Restorative Effect of the Natural Environment on University Students' Psychological Health,10.1155/2020/4210285,Australia,Life satisfaction; Stress; Burnout,PSS,Greenspace,Stay static in nature,RCT - parallel,NA,200,Female > 60%,Adults
3201,Wolf 2017,Young adult conservation jobs and worker health,10.1080/09640568.2016.1262833,United States,Stress,PSS,Greenspace; Bluespace - Open water,Residential; Physical activity in nature,Uncontrolled before-after study,Fall,289,Gender Balance,Young adults
2648,Liu 2021,The Relationship between the Restorative Perception of the Environment and the Physiological and Psychological Effects of Different Types of Forests on University Students,10.3390/ijerph182212224,China,Mental wellbeing in general*; Restorative effects; Vitality,ROS; SVS,Greenspace - Forest,Stay static in nature; Physical activity in nature,RCT - parallel,Summer,30,Gender Balance,Young adults
2815,Ojala 2019,Restorative effects of urban green environments and the role of urban-nature orientedness and noise sensitivity: A field experiment,10.1016/j.healthplace.2018.11.004,Finland,Mental distress; Restorative effects,ROS; SVS,Greenspace - Forest; Greenspace - Park,Stay static in nature; Physical activity in nature,RCT - parallel,Spring; Summer; Fall,83,Female > 60%,Adults
3122,Jones 2021,Psycho-physiological responses of repeated exposure to natural and urban environments,10.1016/j.landurbplan.2021.104061,UK,Cognitive functioning; Mood; Restorative effects,ROS,Greenspace - Park,Physical activity in nature,Non-randomised experimental study,Summer; Fall,41,Gender Balance,NA
3323,Menzel 2020,Feeling Stressed and Ugly? Leave the City and Visit Nature! An Experiment on Self- and Other-Perceived Stress and Attractiveness Levels,10.3390/ijerph17228519,Germany,Affect; Restorative effects; Stress,ROS,Greenspace - Forest,Physical activity in nature,RCT - parallel,Spring,21,Male > 60%,Young adults
3742,Pasanen 2018,"Can Nature Walks With Psychological Tasks Improve Mood, Self-Reported Restoration, and Sustained Attention? Results From Two Experimental Field Studies",10.3389/fpsyg.2018.02057,Finland,Mood; Restorative effects; Sustained attention,ROS,Greenspace - Park,Physical activity in nature,RCT - parallel,NA,119,Female > 60%,Adults
1932,Flowers 2022,People with the least positive attitudes to green exercise derive most anxiolytic benefit from walking in green space,10.1016/j.ufug.2022.127587,Australia,Anxiety,STAI,Greenspace,Physical activity in nature,RCT - parallel,Spring; Summer,22,Gender Balance,Young adults
5934,Hassan 2018,Effects of Walking in Bamboo Forest and City Environments on Brainwave Activity in Young Adults,10.1155/2018/9653857,China,Anxiety; Mood,STAI,Greenspace - Forest,Physical activity in nature,RCT - crossover,NA,60,Gender Balance,Young adults
6787,Shin 2013,Differences of psychological effects between meditative and athletic walking in a forest and gymnasium,10.1080/02827581.2012.706634,South Korea,Anxiety; Happiness; Self-esteem,STAI,Greenspace - Forest,Physical activity in nature,RCT - parallel,Fall,140,Female > 60%,Young adults
